disease,dataset_name,formulation,diet_and_lifestyle_recommendations,prevention,herbs,medical_intervention
cough,Cough,"Ginger (2g), Honey (1 tsp)",Avoid cold foods; stay hydrated; consume warm liquids.,Avoid irritants,"Tulsi, Ashwagandha","Cough syrup, Antibiotics"
diabetes,Diabetes,Fenugreek (3g daily),Avoid sugary foods; focus on low-GI foods; regular exercise.,Regular exercise,"Jamun, Gudmar","Insulin, Oral meds"
hypertension,Hypertension,Ashwagandha (5g daily),Reduce salt; practice yoga and meditation; avoid spicy foods.,Salt restriction,"Ashwagandha, Arjuna",Antihypertensive meds
migraine,Migraine,Peppermint (2 drops in water),Maintain regular meal times; avoid bright lights; stay hydrated.,Stress management,"Brahmi, Jatamansi","Pain relievers, Botox"
arthritis,Arthritis,"Turmeric (1/2 tsp), Milk (200ml)",Consume anti-inflammatory foods; stay active; avoid cold exposure.,Weight management,"Ashwagandha, Guggul","NSAIDs, Steroids"
common cold,Common Cold,"Tulsi leaves (5), Ginger (1g)",Rest well; consume warm foods; avoid dairy temporarily.,"Good hygiene, Rest","Tulsi, Ginger","Decongestants, Rest"
indigestion,Indigestion,"Ajwain seeds (1 tsp), Water (200ml)",Avoid processed foods; eat smaller meals; stay active.,"Eat small meals, Avoid triggers","Triphala, Ajwain","Antacids, PPIs"
asthma,Asthma,"Mulethi (1/2 tsp), Honey (1 tsp)",Avoid cold and dusty environments; practice breathing exercises.,Avoid allergens,"Ashwagandha, Tulsi","Inhalers, Steroids"
constipation,Constipation,"Triphala (1 tsp), Warm water (200ml)",Increase fiber intake; stay hydrated; practice regular bowel routines.,"Drink water, fiber-rich foods","Triphala, Isabgol","Laxatives, Fiber supplements"
insomnia,Insomnia,"Brahmi (1 tsp), Warm milk (200ml)",Establish a sleep routine; avoid caffeine; practice meditation.,"Sleep routine, Relaxation","Ashwagandha, Jatamansi","Sleep aids, CBT therapy"
obesity,Obesity,"Guggulu (500mg), Warm water (200ml)",Avoid heavy and oily foods; focus on exercise; eat light dinners.,"Exercise, Diet control","Guggul, Triphala",Weight loss medications
skin allergy,Skin Allergy,"Aloe vera gel (fresh, 2 tsp)",Avoid allergens; wear loose clothing; consume cooling foods.,Avoid allergens,"Neem, Tulsi","Antihistamines, Steroids"
anxiety,Anxiety,"Ashwagandha (1 tsp), Tulsi (5 leaves)",Practice yoga; avoid stimulants; focus on mindfulness.,"Stress management, Exercise","Brahmi, Ashwagandha","Antidepressants, CBT"
fever,Fever,"Coriander seeds (1 tsp), Ginger (1g)","Rest; stay hydrated; consume light, warm meals.","Rest, Hydration","Tulsi, Ginger","Antipyretics, Fluids"
acidity,Acidity,"Aloe vera (10ml), Water (200ml)",Avoid spicy foods; eat cooling foods like cucumber.,"Avoid spicy foods, smaller meals","Amla, Ajwain","Antacids, PPIs"
acne,Acne,"Neem leaves (5g), Water (10ml)",Avoid fried foods; include turmeric and green vegetables.,"Clean skin, avoid triggers","Neem, Turmeric","Topical treatments, Antibiotics"
acromegaly,Acromegaly,Ashwagandha (3g daily),"Avoid heavy meals; consume balanced, nutrient-rich foods.",Regular check-ups,"Ashwagandha, Brahmi","Surgery, Medication"
acute kidney injury,Acute Kidney Injury,"Punarnava (3g), Warm water (200ml)",Avoid salty and processed foods; stay hydrated.,Avoid Nephrotoxic Drugs,"Punarnava, Gokshura","Dialysis, Kidney Transplant"
addisons disease,Addison's Disease,"Licorice root (2g), Warm water (200ml)","Include salty foods; consume small, frequent meals.","Avoid Stress, Adequate Rest","Ashwagandha, Licorice",Hormone Replacement Therapy
adrenal insufficiency,Adrenal Insufficiency,"Ashwagandha (2g), Warm water (200ml)",Avoid stress; practice yoga and meditation.,Stress Management,"Ashwagandha, Licorice",Hormone Replacement Therapy
alkaptonuria,Alkaptonuria,"Turmeric (1/2 tsp), Milk (200ml)",Avoid heavy meals; perform light exercises and consume warm meals.,,"Guggulu, Ashwagandha","Symptomatic Treatment, Joint Replacements"
allergies,Allergies,"Tulsi leaves (5g), Warm water (200ml)",Avoid cold foods; include herbal teas in the diet.,"Avoid Triggers, Air Filters","Brahmi, Ashwagandha","Antihistamines, Steroids"
alopecia,Alopecia,Bhringraj oil (as needed),Avoid spicy foods; massage scalp regularly with herbal oils.,Healthy Diet,"Bhringraj, Amla","Topical Steroids, Minoxidil"
alzheimers disease,Alzheimer's Disease,"Brahmi (3g), Warm water (200ml)",Include brain-boosting herbs like Brahmi; engage in memory exercises.,"Mental Stimulation, Diet","Brahmi, Ashwagandha","Cholinesterase Inhibitors, Memantine"
amebiasis,Amebiasis,"Pomegranate rind (5g), Warm water (200ml)",Avoid raw foods; consume easily digestible meals.,Safe Drinking Water,"Kutki, Triphala",Antiprotozoal Drugs
amyotrophic lateral sclerosis als,Amyotrophic Lateral Sclerosis (ALS),"Shankhpushpi (10ml), Water (200ml)",Avoid stress; include grounding and nourishing foods.,,"Ashwagandha, Brahmi","Supportive Care, Riluzole"
argininemia,Argininemia,"Brahmi (2g), Warm water (200ml)",Include protein-restricted diet; practice stress management.,Low-Protein Diet,None specific,"Arginine Supplements, Low-Protein Diet"
argininosuccinic aciduria,Argininosuccinic Aciduria,"Amalaki (10ml), Water (200ml)",Avoid high-protein foods; consume fresh fruits and vegetables.,Low-Protein Diet,None specific,"Arginine Supplements, Low-Protein Diet"
arrhythmia,Arrhythmia,"Arjuna bark (3g), Warm water (200ml)",Avoid caffeine; include grounding foods and practice meditation.,Heart Health Monitoring,"Arjuna, Brahmi","Antiarrhythmic Drugs, Pacemaker"
ascariasis,Ascariasis,"Neem leaves (5g), Warm water (200ml)",Avoid raw and contaminated foods; focus on hygiene.,Safe Drinking Water,"Haritaki, Trifala",Anthelmintics
asparagine synthetase deficiency,Asparagine Synthetase Deficiency,"Brahmi (10ml), Water (200ml)","Avoid processed foods; provide a nutrient-rich, balanced diet.",,None specific,"Supportive Care, Diet Management"
aspartylglucosaminuria,Aspartylglucosaminuria,"Ashwagandha (2g), Warm water (200ml)",Avoid heavy foods; provide fresh fruits and vegetables.,,None specific,"Supportive Care, Diet Management"
atherosclerosis,Atherosclerosis,"Garlic (2 cloves), Warm water (200ml)",Avoid fatty foods; include fiber-rich and antioxidant foods.,"Healthy Diet, Exercise","Arjuna, Ashwagandha","Statins, Blood Pressure Medications"
autosomal dominant polycystic kidney disease,Autosomal Dominant Polycystic Kidney Disease,"Punarnava (3g), Warm water (200ml)",Avoid salty foods; drink plenty of water to flush the system.,Regular Kidney Monitoring,"Punarnava, Gokshura","Kidney Transplant, Dialysis"
back pain,Back Pain,Mahanarayan oil (as needed),Avoid heavy lifting; practice stretching and yoga regularly.,"Ergonomics, Exercise","Guggulu, Ashwagandha","Painkillers, Physical Therapy"
barth syndrome,Barth Syndrome,"Shatavari (2g), Warm milk (200ml)",Include nutrient-dense foods and avoid strenuous activities.,"Genetic Counseling, Monitoring","Arjuna, Ashwagandha","Cardiac Support, Medications"
brugada syndrome,Brugada Syndrome,"Arjuna (3g), Warm water (200ml)",Avoid stress and caffeine; include magnesium-rich foods.,Avoidance of Triggers,None specific,"Implantable Cardioverter Defibrillator (ICD), Medication"
bubonic plague,Bubonic Plague,"Neem (5g), Turmeric (2g)",Practice hygiene; avoid crowded places and eat light meals.,"Avoid Flea Bites, Rodent Control",None specific,"Antibiotics, Supportive Care"
buruli ulcer,Buruli Ulcer,"Turmeric (1g), Water (as needed)",Avoid spicy foods; clean ulcers with antiseptic solutions.,Avoid Contact with Contaminated Water,None specific,"Antibiotics, Surgery"
covid19,COVID-19,"Giloy (3g), Tulsi leaves (5g), Warm water (200ml)","Practice hygiene, stay hydrated, and boost immunity with herbs.","Vaccination, Social Distancing","Ashwagandha, Tulsi","Antiviral Drugs, Oxygen Therapy"
canavan disease,Canavan Disease,"Shankhpushpi (10ml), Warm water (200ml)","Provide a nutrient-dense, balanced diet; avoid stress.",,None specific,"Supportive Care, Medication"
carbamoyl phosphate synthetase i deficiency disease,Carbamoyl Phosphate Synthetase I Deficiency Disease,"Amalaki (10ml), Water (200ml)","Avoid high-protein foods; provide small, frequent meals.",Low-Protein Diet,None specific,"Arginine Supplements, Low-Protein Diet"
cardiomyopathy,Cardiomyopathy,"Arjuna (5g), Warm water (200ml)",Avoid heavy exertion; include antioxidant-rich foods.,Healthy Heart Habits,"Arjuna, Ashwagandha","Heart Medications, Pacemaker"
carpal tunnel syndrome,Carpal Tunnel Syndrome,Dashmool oil (as needed),Avoid repetitive wrist motions; perform hand stretches daily.,"Ergonomics, Stretching","Ashwagandha, Turmeric","Splinting, Surgery, Steroid Injections"
celiac disease,Celiac Disease,"Ajwain (3g), Warm water (200ml)","Avoid gluten; include rice, lentils, and fresh vegetables.",Gluten-Free Diet,"Kutki, Triphala",Gluten-Free Diet
cerebrotendinous xanthomatosis,Cerebrotendinous Xanthomatosis,"Brahmi (2g), Warm milk (200ml)",Include antioxidant-rich foods; avoid fatty foods.,,None specific,"Symptomatic Treatment, Cholesterol-Lowering Drugs"
chagas disease,Chagas Disease,"Neem (3g), Tulsi (3g), Warm water (200ml)",Avoid raw foods; maintain proper hygiene and rest.,"Avoid Insect Bites, Safe Drinking Water",None specific,"Antiprotozoal Drugs, Heart Medications"
chickenpox,Chickenpox,"Neem leaves (10g), Warm water (bath)",Avoid spicy foods; drink coconut water and stay hydrated.,"Vaccination, Avoid Contact","Neem, Tulsi","Antiviral Drugs, Symptom Relief"
chikungunya,Chikungunya,"Giloy (3g), Warm water (200ml)",Avoid heavy physical activity; drink warm soups and herbal teas.,"Mosquito Control, Repellents","Ashwagandha, Guggulu","Antiviral Medications, Pain Relief"
chromoblastomycosis,Chromoblastomycosis,"Turmeric (2g), Neem (2g)",Maintain proper hygiene; avoid raw and contaminated foods.,"Protective Clothing, Avoid Soil Contact","Neem, Turmeric","Antifungal Drugs, Surgery"
chronic kidney disease ckd,Chronic Kidney Disease (CKD),"Punarnava (5g), Warm water (200ml)",Avoid salty foods; drink plenty of water to flush toxins.,"Manage Blood Pressure, Healthy Diet","Punarnava, Gokshura","Dialysis, Kidney Transplant"
chronic obstructive pulmonary disease copd,Chronic Obstructive Pulmonary Disease (COPD),"Mulethi (3g), Warm water (200ml)",Avoid smoking and cold environments; practice pranayama.,"Quit Smoking, Avoid Pollutants","Tulsi, Ginger","Bronchodilators, Steroids"
ciguatera poisoning,Ciguatera Poisoning,"Ginger (2g), Honey (1 tsp)",Stay hydrated; avoid seafood and consume warm foods.,Avoid Risky Seafood,None specific,"Symptom Relief, Antihistamines"
clonorchiasis,Clonorchiasis,"Kutki (2g), Warm water (200ml)","Avoid fatty foods; include light, easily digestible meals.",Avoid Raw Fish Consumption,None specific,Anthelmintic Drugs
coffinlowry syndrome,Coffin-Lowry Syndrome,Ashwagandha (5g daily),"Provide a balanced, nutrient-rich diet; avoid processed foods.",,None specific,"Supportive Care, Therapy"
cold,Cold,"Ginger (2g), Tulsi (5g), Warm water (200ml)",Avoid cold drinks; drink warm soups and inhale steam regularly.,"Hand Hygiene, Avoid Sick People","Ginger, Tulsi","Rest, Fluids, Symptom Relief"
colorectal cancer,Colorectal Cancer,"Amalaki (10ml), Water (200ml)",Include fiber-rich foods; avoid processed and fatty foods.,"Regular Screening, Healthy Diet","Ashwagandha, Guggulu","Surgery, Chemotherapy, Radiation"
contact dermatitis,Contact Dermatitis,Fresh aloe vera gel,Avoid allergens; apply soothing herbal pastes and avoid spicy foods.,"Avoid Irritants, Skin Care","Aloe Vera, Neem","Steroid Creams, Antihistamines"
coronary artery disease,Coronary Artery Disease,"Arjuna (5g), Warm water (200ml)",Avoid oily and fatty foods; include whole grains and exercise regularly.,"Healthy Diet, Exercise, No Smoking","Arjuna, Guggulu","Surgery, Stents, Medications"
costello syndrome,Costello Syndrome,"Shatavari (10ml), Warm water (200ml)",Provide nutrient-dense meals; avoid heavy physical strain.,"Genetic Counseling, Monitoring","Ashwagandha, Brahmi","Surgery, Growth Hormones"
criglernajjar syndrome,Crigler-Najjar Syndrome,"Kutki (2g), Giloy (2g), Warm water (200ml)","Avoid fatty foods; provide small, frequent meals.","Early Detection, Genetic Screening","Neem, Amla","Phototherapy, Liver Transplant"
crimeancongo hemorrhagic fever,Crimean-Congo Hemorrhagic Fever,"Tulsi (5g), Giloy (3g), Warm water (200ml)",Avoid crowded places; practice proper hygiene and rest.,"Avoid Animal Contact, Wear PPE",None specific,"Antiviral Medications, Supportive Care"
crohns disease,Crohn's Disease,"Aloe vera (10ml), Warm water (200ml)",Avoid spicy foods; include probiotics and fiber-rich foods.,"Healthy Diet, Stress Management","Turmeric, Triphala",Anti-inflammatory Medications
cryptosporidiosis,Cryptosporidiosis,"Neem leaves (5g), Warm water (200ml)",Maintain hygiene; avoid contaminated water and food.,"Safe Water Practices, Hygiene",None specific,Antiprotozoal Medications
cushings syndrome,Cushing's Syndrome,"Ashwagandha (5g), Warm water (200ml)",Avoid processed foods; include leafy greens and exercise regularly.,Avoid Unnecessary Steroid Use,"Ashwagandha, Triphala","Surgery, Medications"
cystic fibrosis,Cystic Fibrosis,"Mulethi (3g), Giloy (2g), Warm water (200ml)",Stay hydrated; include antioxidant-rich foods and breathing exercises.,"Genetic Counseling, Early Diagnosis","Ashwagandha, Guduchi","Chest Physiotherapy, Antibiotics"
cysticercosis,Cysticercosis,"Neem (2g), Garlic (2g)",Avoid contaminated foods; practice proper hygiene.,"Safe Food Practices, Hygiene",None specific,"Anticystic Drugs, Surgery"
cystinosis,Cystinosis,"Punarnava (3g), Warm water (200ml)",Stay hydrated; include low-sodium meals and avoid heavy foods.,"Genetic Counseling, Early Detection","Amla, Ashwagandha","Cysteamine, Kidney Transplant"
dandruff,Dandruff,Neem oil (as needed),Avoid oily and processed foods; keep the scalp clean and dry.,"Regular Hair Wash, Scalp Care","Neem, Aloe Vera","Antifungal Shampoos, Steroids"
dementia,Dementia,"Brahmi (2g), Warm water (200ml)",Provide a balanced diet; include brain-boosting foods like nuts and seeds.,"Cognitive Exercise, Healthy Diet","Brahmi, Ashwagandha","Medication for Symptoms, Supportive Care"
dengue fever,Dengue Fever,"Papaya leaves (10ml), Warm water (200ml)",Stay hydrated; include coconut water and rest adequately.,"Mosquito Control, Avoid Bites",None specific,"Supportive Care, Antipyretics"
dengue hemorrhagic fever,Dengue Hemorrhagic Fever,"Giloy (3g), Papaya leaves (10ml), Warm water (200ml)",Avoid strenuous activities; consume light meals and herbal teas.,"Mosquito Control, Avoid Bites",None specific,"Hospitalization, Blood Transfusion"
dentinogenesis imperfecta,Dentinogenesis Imperfecta,"Licorice root (2g), Water (as needed)",Include calcium-rich foods; avoid sugary and acidic foods.,"Dental Care, Early Detection",None specific,"Dental Care, Crowns, Root Canals"
depression,Depression,"Ashwagandha (5g), Warm water (200ml)",Avoid alcohol and caffeine; practice mindfulness and yoga.,"Regular Exercise, Healthy Diet","Ashwagandha, Brahmi","Antidepressants, Therapy"
desbuquois dysplasia,Desbuquois Dysplasia,"Shatavari (10ml), Warm water (200ml)","Include nutrient-dense foods; avoid heavy, processed foods.","Genetic Counseling, Early Diagnosis","Ashwagandha, Guggulu","Physical Therapy, Surgery"
diabetes mellitus type 1 and type 2,Diabetes Mellitus Type 1 and Type 2,"Bitter gourd (50ml), Water (200ml)",Avoid refined sugars; include high-fiber foods and exercise regularly.,"Healthy Diet, Regular Exercise","Bitter Melon, Gymnema Sylvestre","Insulin, Oral Medications"
digestive disorders,Digestive Disorders,"Ajwain (1 tsp), Warm water (200ml)","Avoid fried and greasy foods; eat small, frequent meals.","Healthy Diet, Stress Management","Triphala, Ginger","Medications, Dietary Changes"
dihydropyrimidine dehydrogenase deficiency,Dihydropyrimidine Dehydrogenase Deficiency,"Brahmi (2g), Warm water (200ml)",Avoid stress; drink herbal teas like chamomile.,"Genetic Counseling, Early Diagnosis",None specific,"Chemotherapy, Vitamin Therapy"
diphtheria,Diphtheria,"Turmeric (1/2 tsp), Milk (200ml)",Avoid cold foods; drink warm herbal teas and soups.,"Vaccination, Hygiene Practices",None specific,"Antibiotics, Antitoxins"
down syndrome,Down Syndrome,"Brahmi (2g), Warm water (200ml)","Provide a balanced, nutrient-dense diet; include sensory stimulation.","Genetic Counseling, Early Diagnosis","Brahmi, Ashwagandha","Early Intervention, Surgery"
dracunculiasis,Dracunculiasis,"Neem leaves (5-6), Water (as needed)",Maintain proper hygiene; avoid contaminated water.,"Safe Water Practices, Hygiene",None specific,"Surgery, Antimicrobial Medications"
duchenne muscular dystrophy,Duchenne Muscular Dystrophy,"Shatavari (10ml), Ashwagandha (5g), Warm water",Include protein-rich foods; avoid excessive physical exertion.,"Genetic Counseling, Early Diagnosis","Ashwagandha, Guggulu","Physical Therapy, Steroids"
dyggvemelchiorclausen syndrome,Dyggve-Melchior-Clausen Syndrome,"Shatavari (10ml), Warm water (200ml)","Avoid cold foods; provide a balanced, nutritious diet.","Genetic Counseling, Early Diagnosis",None specific,"Physical Therapy, Surgery"
ebola,Ebola,"Giloy (3g), Neem (2g), Warm water (200ml)",Avoid direct contact with infected individuals; practice hygiene.,Avoid Contact with Infected Individuals,None specific,"Antiviral Medications, Supportive Care"
ebola virus,Ebola Virus,"Tulsi (3g), Giloy (2g), Warm water (200ml)",Practice good hygiene; avoid direct contact with infected individuals.,Avoid Contact with Infected Individuals,None specific,"Antiviral Medications, Supportive Care"
echinococcosis,Echinococcosis,"Triphala (1 tsp), Warm water (200ml)",Avoid raw meat; include fiber-rich foods in the diet.,"Safe Food Practices, Hygiene","Neem, Amla","Surgery, Antiparasitic Medication"
eczema atopic dermatitis,Eczema (Atopic Dermatitis),Fresh Aloe vera gel (apply as needed),Avoid allergens; apply moisturizing creams and use mild soaps.,"Avoid Irritants, Moisturize Skin","Neem, Aloe Vera","Topical Steroids, Moisturizers"
emphysema,Emphysema,"Mulethi (3g), Tulsi (2g), Warm water (200ml)",Avoid smoking; perform breathing exercises and consume light meals.,"Quit Smoking, Avoid Pollutants",None specific,"Oxygen Therapy, Surgery, Medications"
endometriosis,Endometriosis,"Ashwagandha (5g), Warm milk (200ml)",Avoid spicy foods; include anti-inflammatory foods like turmeric.,"Early Diagnosis, Pain Management","Ashwagandha, Shatavari","Surgery, Hormonal Therapy"
enterobiasis,Enterobiasis,"Garlic (2 cloves), Ginger (1g), Warm water (200ml)",Maintain hygiene; avoid sugary foods and consume fiber-rich meals.,"Regular Handwashing, Clean Living",None specific,Anthelmintic Medications
epilepsy,Epilepsy,"Brahmi (2g), Warm water (200ml)",Avoid excessive screen time; practice mindfulness and yoga.,"Avoid Triggers, Medication Adherence","Brahmi, Ashwagandha",Antiepileptic Drugs
fascioliasis,Fascioliasis,"Kutki (3g), Warm water (200ml)",Avoid raw water or food; consume light meals and stay hydrated.,"Safe Food Practices, Hygiene",None specific,Anthelmintic Medications
fibromyalgia,Fibromyalgia,"Ashwagandha (5g), Warm water (200ml)",Include anti-inflammatory foods like turmeric; avoid stress.,"Stress Management, Exercise","Ashwagandha, Guggulu","Pain Management, Antidepressants"
filariasis,Filariasis,"Neem leaves (5-6), Water (as needed)",Avoid stagnant water; maintain proper hygiene.,"Mosquito Nets, Avoid Stagnant Water",None specific,Antifilarial Medications
fragile x syndrome,Fragile X Syndrome,"Brahmi (2g), Warm water (200ml)",Provide a balanced diet with omega-3 fatty acids; avoid processed foods.,"Genetic Counseling, Early Diagnosis",None specific,"Behavioral Therapy, Supportive Care"
gallstones,Gallstones,"Triphala (1 tsp), Warm water (200ml)",Avoid fatty and fried foods; include fiber-rich foods and drink plenty of water.,"Healthy Diet, Regular Exercise",None specific,"Surgery, Medications"
gastroesophageal reflux disease gerd,Gastroesophageal Reflux Disease (GERD),"Ginger (2g), Tulsi (5g), Warm water (200ml)","Avoid spicy and acidic foods; consume smaller, frequent meals.","Healthy Diet, Avoid Trigger Foods","Triphala, Guduchi","Antacids, Proton Pump Inhibitors"
giardiasis,Giardiasis,"Neem leaves (5g), Turmeric (1/2 tsp), Warm water (200ml)",Avoid untreated water; drink herbal teas and eat light meals.,"Safe Water Practices, Hygiene",None specific,Antiprotozoal Medications
glomerulonephritis,Glomerulonephritis,"Punarnava (3g), Warm water (200ml)",Avoid salty foods; drink plenty of water and follow low-protein diet.,"Early Diagnosis, Treatment",None specific,"Immunosuppressive Medications, Dialysis"
gout,Gout,"Ginger (2g), Turmeric (1/2 tsp), Warm water (200ml)",Avoid purine-rich foods (like red meat); consume more fruits and vegetables.,"Healthy Diet, Weight Management",None specific,"Medications (NSAIDs, Uricosuric Drugs)"
graves disease,Graves Disease,"Ashwagandha (5g), Warm water (200ml)",Avoid stimulating foods like caffeine; practice stress reduction.,"Avoid Stress, Regular Monitoring","Ashwagandha, Brahmi","Antithyroid Medications, Surgery"
guillainbarre syndrome,Guillain-Barre Syndrome,"Ashwagandha (5g), Warm water (200ml)",Include light exercises; avoid cold or damp environments.,"Early Diagnosis, Supportive Care",None specific,"Immunoglobulin Therapy, Plasma Exchange"
guinea worm disease,Guinea Worm Disease,"Neem leaves (5-6), Water (as needed)",Maintain hygiene; avoid drinking contaminated water.,"Safe Water Practices, Hygiene",None specific,"Surgery, Antimicrobial Medications"
hivaids,HIV/AIDS,"Guduchi (3g), Warm water (200ml)",Follow a balanced diet rich in vitamins; avoid exposure to infections.,"Safe Sex Practices, Needle Safety",None specific,Antiretroviral Therapy
hair loss,Hair Loss,"Amla (3g), Brahmi (2g), Olive oil (5ml)",Maintain scalp hygiene; avoid stress and use herbal oils for massage.,"Healthy Diet, Stress Management","Bhringraj, Amla","Topical Medications, Surgery"
hand foot and mouth disease,"Hand, Foot, and Mouth Disease","Neem leaves (5-6), Turmeric (1/2 tsp), Water (as needed)",Avoid spicy foods; maintain hydration and rest.,"Handwashing, Avoid Contact",None specific,"Supportive Care, Pain Relief"
hantavirus pulmonary syndrome,Hantavirus Pulmonary Syndrome,"Ginger (2g), Garlic (1 clove), Warm water (200ml)","Avoid contact with rodents; consume warm, nutrient-rich foods.","Avoid Rodent Contact, Clean Living",None specific,"Supportive Care, Oxygen Therapy"
hashimotos thyroiditis,Hashimoto's Thyroiditis,"Ashwagandha (5g), Warm water (200ml)",Avoid goitrogenic foods like soy; ensure adequate iodine intake.,"Regular Monitoring, Stress Management","Ashwagandha, Shatavari",Hormone Replacement Therapy
heart attack myocardial infarction,Heart Attack (Myocardial Infarction),"Arjuna bark (5g), Warm water (200ml)",Avoid fatty foods; practice deep breathing exercises and stress management.,"Healthy Diet, Regular Exercise","Arjuna, Ashwagandha","Medications, Surgery, Rehabilitation"
heart disease,Heart Disease,"Garlic (1 clove), Ginger (2g), Warm water (200ml)","Avoid smoking, trans fats; include fiber-rich foods in the diet.","Healthy Diet, Regular Exercise","Arjuna, Brahmi","Medications, Surgery"
heart failure,Heart Failure,"Arjuna (5g), Warm water (200ml)",Avoid excess salt and fluids; eat heart-healthy foods like oats.,"Healthy Diet, Regular Exercise","Arjuna, Brahmi","Medications, Surgery"
hemochromatosis,Hemochromatosis,"Guduchi (3g), Warm water (200ml)",Avoid iron-rich foods; increase consumption of antioxidant-rich foods.,"Regular Monitoring, Iron Management","Amla, Guduchi","Phlebotomy, Iron Chelators"
hemophilia,Hemophilia,Aloe vera (fresh),Avoid injury-prone activities; maintain a diet rich in vitamin K.,"Genetic Counseling, Early Diagnosis",None specific,Factor Replacement Therapy
hendra virus infection,Hendra Virus Infection,"Ashwagandha (5g), Warm water (200ml)",Avoid contact with infected animals; maintain good hygiene.,"Avoid Animal Contact, Proper Hygiene",None specific,"Supportive Care, Antiviral Medications"
hepatitis,Hepatitis,"Turmeric (1/2 tsp), Neem (5-6 leaves), Water (200ml)",Avoid alcohol and fatty foods; consume liver-detoxifying herbs.,"Vaccination, Avoid Alcohol","Bhumi Amla, Turmeric","Antiviral Medications, Liver Transplant"
hepatitis a,Hepatitis A,"Amla (3g), Water (200ml)",Avoid raw food and unclean water; consume bitter foods like neem.,"Vaccination, Hygiene Practices","Amla, Guduchi","Supportive Care, Vaccination"
hepatitis b,Hepatitis B,"Neem leaves (5-6), Turmeric (1/2 tsp), Water (as needed)",Maintain good hygiene; avoid alcohol and greasy foods.,"Vaccination, Safe Practices","Guduchi, Bhumyamalaki","Antiviral Medications, Vaccination"
hepatitis c,Hepatitis C,"Guduchi (3g), Amla (2g), Warm water (200ml)",Avoid fatty foods; drink plenty of water and detoxifying herbal teas.,"Safe Practices, Needle Safety","Amla, Guduchi","Antiviral Medications, Liver Transplant"
histoplasmosis,Histoplasmosis,"Ashwagandha (5g), Turmeric (1/2 tsp), Warm water (200ml)",Avoid damp environments; include anti-inflammatory foods like ginger.,"Avoid Exposure, Wear Masks","Ashwagandha, Guduchi",Antifungal Medications
hookworm infection,Hookworm Infection,"Neem leaves (5-6), Water (as needed)",Avoid walking barefoot in contaminated areas; practice proper hygiene.,"Proper Hygiene, Avoid Barefoot",None specific,Anthelmintic Medications
huntingtons disease,Huntington's Disease,"Brahmi (2g), Ashwagandha (5g), Warm water (200ml)",Avoid stress; maintain a diet rich in omega-3 fatty acids.,"Genetic Counseling, Early Diagnosis",None specific,"Supportive Care, Medications"
hydronephrosis,Hydronephrosis,"Gokshura (3g), Warm water (200ml)",Avoid excess salt; maintain hydration with fresh herbal teas.,"Early Diagnosis, Avoid Blockages",None specific,"Surgery, Catheterization"
hypercholesterolemia,Hypercholesterolemia,"Triphala (1 tsp), Warm water (200ml)",Avoid trans fats; consume more fiber and antioxidants.,"Healthy Diet, Regular Exercise",None specific,"Statins, Diet Changes"
hyperparathyroidism,Hyperparathyroidism,"Ashwagandha (5g), Warm water (200ml)",Include calcium and vitamin D-rich foods; avoid high-phosphate foods.,"Regular Monitoring, Surgery",None specific,"Surgery, Medications"
hyperthyroidism,Hyperthyroidism,"Ashwagandha (5g), Warm water (200ml)",Avoid stimulating foods like caffeine; eat cooling foods like cucumbers.,"Regular Monitoring, Stress Management","Ashwagandha, Shatavari","Antithyroid Medications, Surgery"
hypoglycemia,Hypoglycemia,"Fenugreek (1 tsp), Warm water (200ml)","Eat small, frequent meals; avoid sugary foods.","Healthy Diet, Regular Monitoring","Guduchi, Amla","Glucose, Medications"
hypothyroidism,Hypothyroidism,"Ashwagandha (5g), Turmeric (1/2 tsp), Water (200ml)",Include iodine-rich foods; avoid processed foods and excess dairy.,"Regular Monitoring, Stress Management","Ashwagandha, Guggulu",Thyroid Hormone Replacement
inflammation,Inflammation,"Turmeric (1/2 tsp), Ginger (2g), Warm water (200ml)",Include anti-inflammatory foods; avoid processed and fried foods.,"Healthy Diet, Stress Management","Turmeric, Ashwagandha",Anti-inflammatory Medications
inflammatory bowel disease ibd,Inflammatory Bowel Disease (IBD),"Aloe vera (fresh), Water (200ml)","Avoid spicy, oily, and acidic foods; increase fiber intake.","Healthy Diet, Regular Monitoring","Turmeric, Guduchi","Anti-inflammatory Medications, Surgery"
influenza,Influenza,"Ginger (2g), Honey (1 tsp), Warm water (200ml)","Rest, hydrate with herbal teas, and avoid cold foods.","Vaccination, Hygiene Practices","Amla, Guduchi","Antiviral Medications, Vaccination"
irritable bowel syndrome ibs,Irritable Bowel Syndrome (IBS),"Triphala (1 tsp), Warm water (200ml)",Avoid gas-producing foods; maintain regular meal timings and hydration.,"Healthy Diet, Stress Management","Triphala, Ginger","Fiber, Antispasmodics, Probiotics"
joint pain,Joint Pain,"Turmeric (1/2 tsp), Milk (200ml)","Avoid cold foods; practice light exercises and consume warm, cooked meals.","Regular Exercise, Weight Management","Ashwagandha, Boswellia","Pain Relief Medications, Physical Therapy"
kalaazar,Kala-azar,"Neem leaves (5-6), Water (as needed)","Avoid exposure to sandflies; consume light, nutritious food.","Avoid Sandfly Exposure, Hygiene",None specific,Antileishmanial Medications
kawasaki disease,Kawasaki Disease,"Ashwagandha (5g), Warm water (200ml)",Avoid fatty foods; engage in gentle exercises and adequate rest.,"Early Diagnosis, Immediate Treatment",None specific,"Intravenous Immunoglobulin, Aspirin"
kearnssayre syndrome,Kearns-Sayre Syndrome,"Ashwagandha (5g), Brahmi (2g), Warm water (200ml)","Avoid stress; maintain a healthy, balanced diet rich in antioxidants.","Genetic Counseling, Early Diagnosis",None specific,"Supportive Care, Medications"
kidney cancer,Kidney Cancer,"Gokshura (3g), Warm water (200ml)",Avoid excess salt and processed foods; maintain hydration.,"Healthy Lifestyle, Early Diagnosis","Amla, Guduchi","Surgery, Chemotherapy, Immunotherapy"
kidney stones,Kidney Stones,"Pomegranate (fresh), Water (200ml)",Drink plenty of water; avoid high-oxalate foods like spinach.,"Drink Plenty of Water, Healthy Diet",None specific,"Pain Relief, Surgery, Lithotripsy"
kleinelevin syndrome,Kleine-Levin Syndrome,"Brahmi (2g), Ashwagandha (5g), Warm water (200ml)",Avoid excessive screen time; establish regular sleep patterns.,"Regular Sleep Patterns, Stress Management",None specific,"Medications, Sleep Hygiene"
klinefelter syndrome,Klinefelter Syndrome,"Ashwagandha (5g), Gokshura (3g), Warm water (200ml)",Maintain a balanced diet; practice physical activity regularly.,"Genetic Counseling, Early Diagnosis","Ashwagandha, Shatavari","Testosterone Replacement, Speech Therapy"
krabbe disease,Krabbe Disease,"Brahmi (2g), Olive oil (5ml)",Engage in gentle exercises; focus on a nutrient-dense diet.,"Genetic Counseling, Early Diagnosis",None specific,"Stem Cell Transplant, Supportive Care"
kyasanur forest disease,Kyasanur Forest Disease,"Neem leaves (5-6), Water (as needed)",Avoid contact with ticks; use neem-based repellent.,"Avoid Animal Contact, Vaccination",None specific,"Supportive Care, Antiviral Medications"
langerhans cell histiocytosis,Langerhans Cell Histiocytosis,"Guduchi (3g), Warm water (200ml)",Avoid processed foods; engage in light exercise.,"Genetic Counseling, Early Diagnosis",None specific,"Chemotherapy, Immunotherapy, Surgery"
larsen syndrome,Larsen Syndrome,"Ashwagandha (5g), Warm water (200ml)",Avoid excessive physical strain; consume calcium-rich foods.,"Genetic Counseling, Early Diagnosis",None specific,"Surgical Intervention, Physical Therapy"
lassa fever,Lassa Fever,"Guduchi (3g), Tulsi (2g), Warm water (200ml)","Avoid contact with rodents; consume light, nutritious meals.","Avoid Animal Contact, Hygiene Practices",None specific,"Supportive Care, Antiviral Medications"
leigh syndrome,Leigh Syndrome,"Ashwagandha (5g), Brahmi (2g), Warm water (200ml)",Focus on brain-boosting foods; engage in gentle cognitive exercises.,"Genetic Counseling, Early Diagnosis",None specific,"Supportive Care, Symptomatic Treatment"
leishmaniasis,Leishmaniasis,"Neem leaves (5-6), Water (as needed)",Avoid exposure to sandflies; consume a diet rich in iron and protein.,"Avoid Sandfly Exposure, Hygiene Practices","Guduchi, Triphala",Antileishmanial Medications
leprosy,Leprosy,"Turmeric (1/2 tsp), Neem leaves (5-6), Water (200ml)","Maintain hygiene; consume a nutritious, balanced diet.","Early Diagnosis, Good Hygiene","Amla, Guduchi","Antibiotics, Multidrug Therapy"
leptospirosis,Leptospirosis,"Guduchi (3g), Tulsi (2g), Warm water (200ml)",Drink plenty of water; avoid contaminated water sources.,"Avoid Animal Contact, Hygiene Practices",None specific,"Antibiotics, Supportive Care"
leschnyhan syndrome,Lesch-Nyhan Syndrome,"Ashwagandha (5g), Warm water (200ml)",Focus on mental health; avoid triggering stimuli.,"Genetic Counseling, Early Diagnosis",None specific,"Supportive Care, Medications"
leukemia,Leukemia,"Ashwagandha (5g), Brahmi (2g), Warm water (200ml)",Eat a nutrient-rich diet; maintain a healthy weight and exercise regularly.,"Early Diagnosis, Regular Checkups","Amla, Ashwagandha","Chemotherapy, Bone Marrow Transplant"
leukodystrophy,Leukodystrophy,"Brahmi (2g), Ashwagandha (5g), Warm water (200ml)","Avoid stress; consume a nutrient-rich, antioxidant-rich diet.","Genetic Counseling, Early Diagnosis",None specific,"Supportive Care, Medications"
liddle syndrome,Liddle Syndrome,"Guduchi (3g), Warm water (200ml)",Reduce salt intake; consume potassium-rich foods.,"Genetic Counseling, Early Diagnosis",None specific,"Medications (Diuretics, Aldosterone Antagonists)"
lipid storage disease,Lipid Storage Disease,"Triphala (1 tsp), Warm water (200ml)",Focus on healthy fats; avoid excessive sugar and processed foods.,"Genetic Counseling, Early Diagnosis",None specific,"Enzyme Replacement Therapy, Diet"
liver cancer,Liver Cancer,"Turmeric (1/2 tsp), Milk (200ml)",Avoid alcohol and processed foods; consume antioxidant-rich foods.,"Hepatitis Vaccination, Healthy Lifestyle","Amla, Turmeric, Guduchi","Surgery, Chemotherapy, Immunotherapy"
liver cirrhosis,Liver Cirrhosis,"Milk thistle (1g), Water (200ml)",Avoid alcohol; consume a liver-supportive diet rich in antioxidants.,"Avoid Alcohol, Healthy Diet","Amla, Turmeric, Guduchi","Medications, Liver Transplant"
liver disorders,Liver Disorders,"Amla (2g), Warm water (200ml)",Avoid fatty foods; increase vitamin C intake to support liver function.,"Avoid Alcohol, Healthy Lifestyle","Amla, Turmeric, Guduchi","Medications, Surgery, Liver Transplant"
loeysdietz syndrome,Loeys-Dietz Syndrome,"Ashwagandha (5g), Turmeric (1/2 tsp), Warm water (200ml)",Maintain regular exercise; avoid high-sodium foods.,"Genetic Counseling, Early Diagnosis",None specific,"Surgery, Medications"
loiasis,Loiasis,"Neem leaves (5-6), Water (as needed)",Avoid mosquito bites; maintain a healthy diet with plenty of fluids.,"Avoid Fly Bites, Good Hygiene",None specific,Antiparasitic Medications
lowe syndrome,Lowe Syndrome,"Brahmi (2g), Olive oil (5ml)",Consume a diet rich in omega-3 fatty acids; maintain eye health.,"Genetic Counseling, Early Diagnosis",None specific,"Supportive Care, Medications"
lung cancer,Lung Cancer,"Ashwagandha (5g), Turmeric (1/2 tsp), Milk (200ml)",Avoid smoking; include anti-inflammatory foods in the diet.,"Avoid Smoking, Early Diagnosis","Amla, Turmeric, Ashwagandha","Surgery, Chemotherapy, Immunotherapy"
lupus,Lupus,"Aloe vera (fresh), Apply on skin or consume (200ml)","Avoid sun exposure; consume a balanced, anti-inflammatory diet.","Sun Protection, Stress Management","Ashwagandha, Guduchi","Medications, Immunosuppressive Drugs"
lyme disease,Lyme Disease,"Garlic (2 cloves), Turmeric (1/2 tsp), Warm water (200ml)",Avoid tick bites; consume anti-inflammatory foods like garlic and ginger.,"Use Insect Repellent, Avoid Tick Bites",None specific,Antibiotics
lymphatic filariasis,Lymphatic Filariasis,"Triphala (1 tsp), Neem leaves (5-6), Warm water (200ml)",Avoid mosquito exposure; maintain good hygiene and elevate swollen limbs.,"Avoid Mosquito Bites, Good Hygiene",None specific,"Antifilarial Medications, Surgery"
lymphoma,Lymphoma,"Ashwagandha (5g), Warm water (200ml)",Maintain a healthy immune system; consume a nutrient-dense diet.,"Early Diagnosis, Regular Checkups","Amla, Ashwagandha","Chemotherapy, Radiation, Immunotherapy"
maffucci syndrome,Maffucci Syndrome,"Ashwagandha (5g), Brahmi (2g), Warm water (200ml)",Avoid high-fat foods; engage in regular exercise and stretching.,"Genetic Counseling, Early Diagnosis",None specific,"Surgical Removal of Tumors, Supportive Care"
malaria,Malaria,"Neem leaves (5-6), Warm water (200ml)",Avoid mosquito exposure; consume a diet rich in fruits and vegetables.,"Use Insect Repellent, Sleep Under Mosquito Nets","Neem, Turmeric, Guduchi","Antimalarial Medications, Supportive Care"
mansonelliasis,Mansonelliasis,"Neem leaves (5-6), Turmeric (1/2 tsp), Warm water (200ml)",Avoid mosquito exposure; maintain a healthy lifestyle with regular exercise.,"Avoid Mosquito Bites, Good Hygiene",None specific,Antiparasitic Medications
maple syrup urine disease,Maple Syrup Urine Disease,"Triphala (1 tsp), Warm water (200ml)","Avoid protein-rich foods; consume a low-protein, balanced diet.","Genetic Counseling, Early Diagnosis",None specific,"Enzyme Replacement, Dietary Restrictions"
marburg,Marburg,"Guduchi (3g), Tulsi (2g), Warm water (200ml)",Avoid exposure to infected animals; consume nutrient-dense foods.,"Avoid contact with infected individuals, use personal protective equipment (PPE)",,"Supportive care, Fluid management, Antiviral therapy (experimental)"
marburg virus disease,Marburg Virus Disease,"Ashwagandha (5g), Warm water (200ml)",Prevent exposure to infected individuals; engage in rest and hydration.,"Avoid Animal Contact, Hygiene Practices",None specific,"Supportive Care, Antiviral Medications"
marfan syndrome,Marfan Syndrome,"Ashwagandha (5g), Warm water (200ml)",Avoid strenuous physical activity; focus on heart-healthy foods.,"Genetic Counseling, Early Diagnosis",None specific,"Surgery, Medications"
mccunealbright syndrome,McCune-Albright Syndrome,"Brahmi (2g), Ashwagandha (5g), Warm water (200ml)",Maintain a balanced diet; avoid stress and ensure proper bone health.,"Genetic Counseling, Early Diagnosis",None specific,"Medications, Surgery"
measles,Measles,"Turmeric (1/2 tsp), Honey (1 tsp), Warm water (200ml)",Ensure proper vaccination; maintain hydration and a balanced diet.,"Vaccination, Avoid Exposure",None specific,"Vaccination, Antiviral Medications"
melanoma,Melanoma,"Aloe vera (fresh), Apply on skin or consume (200ml)",Avoid excessive sun exposure; consume antioxidant-rich foods like berries.,"Sun Protection, Regular Skin Checks","Aloe Vera, Turmeric","Surgery, Chemotherapy, Immunotherapy"
melioidosis,Melioidosis,"Neem leaves (5-6), Turmeric (1/2 tsp), Water (200ml)","Avoid exposure to contaminated water; consume a healthy, balanced diet.","Avoid Animal Contact, Hygiene Practices",None specific,"Antibiotics, Supportive Care"
meningitis,Meningitis,"Brahmi (2g), Warm water (200ml)",Maintain hydration; avoid exposure to infected individuals.,"Vaccination, Good Hygiene Practices",None specific,"Antibiotics, Supportive Care"
menkes disease,Menkes Disease,"Brahmi (2g), Ashwagandha (5g), Warm water (200ml)","Ensure proper nutrient intake; focus on a balanced, high-calcium diet.","Genetic Counseling, Early Diagnosis",None specific,"Copper Replacement, Supportive Care"
menopause,Menopause,"Ashwagandha (5g), Shatavari (5g), Warm water (200ml)",Avoid caffeine; consume cooling foods like cucumbers and mint.,"Healthy Lifestyle, Stress Management","Ashwagandha, Shatavari","Hormone Replacement Therapy, Medications"
menstrual disorders,Menstrual Disorders,"Ashwagandha (5g), Shatavari (5g), Warm water (200ml)",Maintain a balanced diet with omega-3 rich foods; manage stress through yoga.,"Healthy Diet, Regular Exercise","Ashwagandha, Shatavari","Medications, Hormonal Therapy"
mental health disorders,Mental Health Disorders,"Brahmi (2g), Ashwagandha (5g), Warm water (200ml)",Practice mindfulness and meditation; eat foods that support mental health such as leafy greens.,"Therapy, Social Support","Ashwagandha, Brahmi, Jatamansi","Psychotherapy, Medications"
mental stress,Mental Stress,"Ashwagandha (5g), Tulsi (2g), Warm water (200ml)",Practice deep breathing exercises; avoid caffeine and processed foods.,"Stress Management, Relaxation","Ashwagandha, Brahmi, Lavender","Stress Management Techniques, Counseling"
metabolic syndrome,Metabolic Syndrome,"Triphala (1 tsp), Fenugreek (3g), Warm water (200ml)","Follow a low-carb, high-fiber diet; engage in regular physical activity.","Healthy Diet, Regular Exercise","Fenugreek, Amla, Turmeric","Medications, Lifestyle Changes"
millerdieker syndrome,Miller-Dieker Syndrome,"Brahmi (2g), Ashwagandha (5g), Warm water (200ml)","Focus on mental health; maintain a balanced, nutrient-rich diet.","Genetic Counseling, Early Diagnosis",None specific,"Supportive Care, Medications"
mitochondrial myopathy,Mitochondrial Myopathy,"Ashwagandha (5g), Turmeric (1/2 tsp), Warm water (200ml)",Consume antioxidant-rich foods; avoid environmental toxins.,"Genetic Counseling, Early Diagnosis",None specific,"Supportive Care, Medications"
monkeypox,Monkeypox,"Neem leaves (5-6), Water (as needed)",Isolate and rest; consume immune-boosting foods like citrus fruits and ginger.,"Avoid Animal Contact, Hygiene",None specific,"Supportive Care, Antiviral Medications"
mowatwilson syndrome,Mowat-Wilson Syndrome,"Brahmi (2g), Ashwagandha (5g), Warm water (200ml)","Ensure proper neurological care; provide a balanced, nutrient-dense diet.","Genetic Counseling, Early Diagnosis",None specific,"Supportive Care, Medications"
mucolipidosis,Mucolipidosis,"Triphala (1 tsp), Warm water (200ml)",Maintain a low-fat diet; focus on digestive health with fiber-rich foods.,"Genetic Counseling, Early Diagnosis",None specific,"Enzyme Replacement, Supportive Care"
mucopolysaccharidosis,Mucopolysaccharidosis,"Ashwagandha (5g), Brahmi (2g), Warm water (200ml)",Focus on joint health and mobility; consume anti-inflammatory foods like turmeric and ginger.,"Genetic Counseling, Early Diagnosis",None specific,"Enzyme Replacement, Supportive Care"
multiple sclerosis,Multiple Sclerosis,"Ashwagandha (5g), Turmeric (1/2 tsp), Warm water (200ml)",Engage in gentle exercise; consume omega-3 fatty acids and antioxidants.,"Early Diagnosis, Stress Management","Ashwagandha, Brahmi","Medications, Physical Therapy"
multiple sulfatase deficiency,Multiple Sulfatase Deficiency,"Ashwagandha (5g), Brahmi (2g), Warm water (200ml)",Focus on cognitive and developmental support; provide a balanced diet.,"Genetic Counseling, Early Diagnosis",None specific,"Enzyme Replacement, Supportive Care"
muscular dystrophy,Muscular Dystrophy,"Ashwagandha (5g), Shatavari (5g), Warm water (200ml)",Maintain proper muscle care; engage in regular physical therapy.,"Genetic Counseling, Early Diagnosis",None specific,"Supportive Care, Medications"
myasthenia gravis,Myasthenia Gravis,"Ashwagandha (5g), Brahmi (2g), Warm water (200ml)",Avoid heavy physical exertion; maintain a nutrient-dense diet.,"Stress Management, Early Diagnosis","Ashwagandha, Guduchi","Medications, Surgery"
mycetoma,Mycetoma,"Neem leaves (5-6), Water (as needed)",Maintain cleanliness of affected area; consume immune-boosting foods.,"Good Hygiene, Wound Care",None specific,"Antifungal, Antibiotics, Surgery"
myotonia congenita,Myotonia Congenita,"Ashwagandha (5g), Turmeric (1/2 tsp), Warm water (200ml)",Practice relaxation techniques; focus on reducing muscle stiffness with stretching.,"Genetic Counseling, Early Diagnosis",None specific,"Supportive Care, Medications"
naegleria infection,Naegleria Infection,"Neem leaves (5-6), Warm water (200ml)",Avoid exposure to contaminated water; consume plenty of fluids.,"Avoid Warm Water, Good Hygiene",None specific,"Antifungal, Antibiotics, Surgery"
nephrotic syndrome,Nephrotic Syndrome,"Ashwagandha (5g), Triphala (1 tsp), Warm water (200ml)",Avoid salty foods; maintain hydration and a kidney-friendly diet.,"Healthy Diet, Regular Monitoring",None specific,"Medications, Dialysis"
neurofibromatosis,Neurofibromatosis,"Ashwagandha (5g), Brahmi (2g), Warm water (200ml)",Focus on cognitive health; engage in moderate exercise and a healthy diet.,"Genetic Counseling, Early Diagnosis",None specific,"Surgery, Medications"
neurotoxocariasis,Neurotoxocariasis,"Neem leaves (5-6), Water (as needed)",Practice good hygiene; consume immune-boosting foods like garlic and ginger.,"Avoid Animal Contact, Good Hygiene",None specific,"Antiparasitic Medications, Surgery"
niemannpick disease,Niemann-Pick Disease,"Ashwagandha (5g), Triphala (1 tsp), Warm water (200ml)",Focus on liver health; provide easily digestible and nutrient-dense foods.,"Genetic Counseling, Early Diagnosis",None specific,"Enzyme Replacement, Supportive Care"
nipah virus infection,Nipah Virus Infection,"Neem leaves (5-6), Warm water (200ml)",Maintain hydration; consume immune-boosting foods like garlic and ginger.,"Avoid Animal Contact, Hygiene",None specific,"Antiviral Medications, Supportive Care"
noonan syndrome,Noonan Syndrome,"Ashwagandha (5g), Brahmi (2g), Warm water (200ml)",Provide a balanced diet for growth and development; encourage regular exercise.,"Genetic Counseling, Early Diagnosis",None specific,"Medications, Surgery"
onchocerciasis river blindness,Onchocerciasis (River Blindness),"Neem leaves (5-6), Water (as needed)",Use insect repellents; maintain eye health and hygiene.,"Avoid Fly Exposure, Hygiene",None specific,"Antiparasitic Medications, Surgery"
opistorchiasis,Opistorchiasis,"Triphala (1 tsp), Neem (2g), Warm water (200ml)",Maintain liver health; focus on gut health with a fiber-rich diet.,"Avoid Eating Raw Fish, Good Hygiene",None specific,Antiparasitic Medications
osteoarthritis,Osteoarthritis,"Turmeric (1/2 tsp), Milk (200ml)",Avoid cold foods; engage in regular joint-friendly exercises.,"Healthy Diet, Regular Exercise","Turmeric, Ashwagandha","Pain Relievers, Surgery"
osteogenesis imperfecta,Osteogenesis Imperfecta,"Ashwagandha (5g), Brahmi (2g), Warm water (200ml)",Ensure calcium and vitamin D intake; maintain bone strength through gentle exercises.,"Genetic Counseling, Early Diagnosis",None specific,"Supportive Care, Medications"
osteopetrosis,Osteopetrosis,"Ashwagandha (5g), Triphala (1 tsp), Warm water (200ml)","Focus on bone health; ensure nutrient-rich diet, including calcium and vitamin D.","Genetic Counseling, Early Diagnosis",None specific,"Bone Marrow Transplant, Medications"
osteoporosis,Osteoporosis,"Ashwagandha (5g), Shatavari (5g), Warm water (200ml)",Ensure calcium-rich diet; engage in weight-bearing exercises for bone strength.,"Weight-Bearing Exercise, Healthy Diet","Ashwagandha, Guggul, Shatavari","Medications, Bone Strengthening"
ovarian cancer,Ovarian Cancer,"Turmeric (1/2 tsp), Ashwagandha (5g), Warm water (200ml)",Follow a diet rich in antioxidants; focus on a healthy weight and stress management.,"Regular Check-ups, Genetic Counseling",None specific,"Surgery, Chemotherapy"
pancreatic cancer,Pancreatic Cancer,"Ashwagandha (5g), Triphala (1 tsp), Warm water (200ml)",Avoid processed foods; consume a fiber-rich diet and limit alcohol intake.,"Avoid Smoking, Healthy Diet",None specific,"Surgery, Chemotherapy"
pancreatitis,Pancreatitis,"Ginger (2g), Turmeric (1/2 tsp), Warm water (200ml)",Avoid fatty and fried foods; maintain hydration with herbal teas.,"Avoid Alcohol, Healthy Diet",None specific,"Medications, Surgery"
paracoccidioidomycosis,Paracoccidioidomycosis,"Neem leaves (5-6), Water (as needed)",Focus on immunity-boosting foods and maintaining hydration.,"Avoid Soil Exposure, Good Hygiene",None specific,"Antifungal Medications, Surgery"
paragonimiasis,Paragonimiasis,"Neem leaves (5-6), Water (as needed)","Focus on lung health; avoid cold foods and include warm, easy-to-digest meals.","Avoid Raw Fish, Good Hygiene",None specific,"Antiparasitic Medications, Surgery"
parkinsons disease,Parkinson's Disease,"Ashwagandha (5g), Brahmi (2g), Warm water (200ml)",Ensure adequate physical therapy; maintain a nutrient-rich diet to support nervous system health.,"Regular Exercise, Healthy Diet","Ashwagandha, Brahmi","Medications, Surgery"
pelvic floor disorders,Pelvic Floor Disorders,"Ashwagandha (5g), Shatavari (5g), Warm water (200ml)",Practice pelvic floor exercises; focus on hydration and fiber-rich foods.,"Kegel Exercises, Healthy Diet","Ashwagandha, Shatavari","Surgery, Medications"
peptic ulcers,Peptic Ulcers,"Ginger (2g), Aloe Vera (2 tbsp), Warm water (200ml)",Avoid spicy foods; consume cooling foods like cucumbers and coconut water.,"Avoid Alcohol, Eat Balanced Diet","Licorice, Ginger","Medications, Surgery"
peripheral artery disease,Peripheral Artery Disease,"Turmeric (1/2 tsp), Ginger (2g), Warm water (200ml)",Engage in regular physical activity; consume foods that support circulation like garlic.,"Quit Smoking, Healthy Diet",None specific,"Medications, Surgery"
peutzjeghers syndrome,Peutz-Jeghers Syndrome,"Triphala (1 tsp), Ashwagandha (5g), Warm water (200ml)",Focus on gastrointestinal health; consume fiber-rich foods and antioxidants.,"Genetic Counseling, Regular Screening",None specific,"Surgery, Surveillance"
pfeiffer syndrome,Pfeiffer Syndrome,"Brahmi (2g), Ashwagandha (5g), Warm water (200ml)",Provide developmental support; ensure a balanced diet with essential nutrients.,"Genetic Counseling, Early Diagnosis",None specific,"Surgery, Supportive Care"
phenylketonuria pku,Phenylketonuria (PKU),"Ashwagandha (5g), Brahmi (2g), Warm water (200ml)",Follow a strict low-phenylalanine diet; support cognitive development with nutrition.,"Early Diagnosis, Dietary Changes",None specific,"Diet, Medications"
pinta,Pinta,"Neem leaves (5-6), Water (as needed)",Focus on maintaining skin hygiene and avoiding irritants.,"Good Hygiene, Avoid Direct Contact",None specific,Antibiotics
pitthopkins syndrome,Pitt-Hopkins Syndrome,"Brahmi (2g), Ashwagandha (5g), Warm water (200ml)",Provide speech and developmental therapy; ensure a nutrient-dense diet for growth.,"Genetic Counseling, Early Diagnosis",None specific,"Supportive Care, Medications"
pituitary tumors,Pituitary Tumors,"Ashwagandha (5g), Brahmi (2g), Warm water (200ml)",Maintain a balanced diet; practice stress reduction techniques such as yoga.,"Regular Check-ups, Genetic Counseling",None specific,"Surgery, Radiation, Medications"
pneumoconiosis,Pneumoconiosis,"Turmeric (1/2 tsp), Milk (200ml)",Avoid exposure to harmful dust; focus on lung health with antioxidants.,"Avoid Exposure to Dust, Smoking Cessation",None specific,"Medications, Oxygen Therapy"
pneumocystis pneumonia,Pneumocystis Pneumonia,"Ginger (2g), Turmeric (1/2 tsp), Warm water (200ml)",Maintain good hygiene; avoid cold or damp environments.,"Regular Monitoring, Medication",None specific,Antifungal Medications
pneumonia,Pneumonia,"Garlic (2 cloves), Ginger (2g), Warm water (200ml)",Stay hydrated; focus on immune-boosting foods like garlic and ginger.,"Quit Smoking, Vaccination",None specific,"Antibiotics, Supportive Care"
pneumonic plague,Pneumonic Plague,"Neem leaves (5-6), Water (as needed)",Avoid contact with infected individuals; maintain hygiene and boost immunity.,"Avoid Rodent Exposure, Flea Protection",None specific,"Antibiotics, Supportive Care"
polio,Polio,"Ashwagandha (5g), Brahmi (2g), Warm water (200ml)",Support physical therapy; ensure a protein-rich diet for muscle recovery.,"Vaccination, Good Hygiene",None specific,"Vaccination, Supportive Care"
polycystic kidney disease,Polycystic Kidney Disease,"Ashwagandha (5g), Triphala (1 tsp), Warm water (200ml)",Focus on kidney health; avoid salty foods and maintain hydration.,"Genetic Counseling, Regular Monitoring",None specific,"Medications, Kidney Transplant"
polycystic ovary syndrome pcos,Polycystic Ovary Syndrome (PCOS),"Shatavari (5g), Triphala (1 tsp), Warm water (200ml)",Follow a balanced diet with low glycemic index foods; include regular exercise.,"Healthy Diet, Regular Exercise","Ashwagandha, Shatavari","Hormonal Therapy, Surgery"
porphyria,Porphyria,"Ashwagandha (5g), Brahmi (2g), Warm water (200ml)",Avoid sunlight exposure; support liver and detox with herbal remedies.,"Avoid Sun Exposure, Healthy Diet",None specific,"Medications, Lifestyle Modifications"
praderwilli syndrome,Prader-Willi Syndrome,"Brahmi (2g), Ashwagandha (5g), Warm water (200ml)",Focus on managing appetite; support development with balanced nutrition.,"Genetic Counseling, Early Diagnosis",None specific,"Supportive Care, Medications"
primary amebic meningoencephalitis,Primary Amebic Meningoencephalitis,"Turmeric (1/2 tsp), Ginger (2g), Warm water (200ml)",Avoid exposure to contaminated water; maintain good hygiene.,Avoid Contaminated Water,None specific,"Antifungal Medications, Supportive Care"
primary ciliary dyskinesia,Primary Ciliary Dyskinesia,"Ginger (2g), Tulsi leaves (2g), Warm water (200ml)",Support lung health; avoid cold air and focus on respiratory health with herbal teas.,"Genetic Counseling, Early Diagnosis",None specific,"Medications, Respiratory Therapy"
prostate cancer,Prostate Cancer,"Ashwagandha (5g), Turmeric (1/2 tsp), Warm water (200ml)",Include prostate-healthy foods like tomatoes and flaxseeds; reduce stress.,"Regular Check-ups, Healthy Lifestyle",None specific,"Surgery, Radiation, Chemotherapy"
psoriasis,Psoriasis,"Neem leaves (5-6), Water (as needed)",Focus on anti-inflammatory foods; maintain a skin-care routine with natural products.,"Stress Management, Healthy Diet","Neem, Turmeric, Aloe Vera","Topical Treatments, Systemic Medications"
pulmonary hypertension,Pulmonary Hypertension,"Turmeric (1/2 tsp), Ginger (2g), Warm water (200ml)",Focus on lung and heart health; avoid salty foods and manage stress levels.,"Regular Monitoring, Healthy Lifestyle",None specific,"Medications, Oxygen Therapy"
q fever,Q Fever,"Neem leaves (5-6), Warm water (200ml)","Rest in a cool, comfortable environment; drink plenty of fluids to stay hydrated.","Avoid Animal Contact, Good Hygiene",None specific,Antibiotics
rabies,Rabies,"Garlic (2 cloves), Turmeric (1/2 tsp), Warm water (200ml)",Seek medical attention immediately; support immune health with garlic and turmeric.,"Vaccination, Avoid Animal Bites",None specific,"Rabies Vaccine, Antibodies"
relapsing fever,Relapsing Fever,"Neem leaves (5-6), Water (as needed)",Focus on hydration and rest; avoid contact with infected individuals.,"Avoid Tick Bites, Good Hygiene",None specific,Antibiotics
renal hypertension,Renal Hypertension,"Ashwagandha (5g), Triphala (1 tsp), Warm water (200ml)",Maintain kidney health; avoid salty and high-fat foods; hydrate well.,"Healthy Diet, Regular Exercise",None specific,"Medications, Lifestyle Changes"
respiratory issues,Respiratory Issues,"Ginger (2g), Turmeric (1/2 tsp), Warm water (200ml)",Focus on lung health; practice deep breathing exercises and avoid pollutants.,"Quit Smoking, Avoid Pollutants",None specific,"Medications, Respiratory Therapy"
rett syndrome,Rett Syndrome,"Brahmi (2g), Ashwagandha (5g), Warm water (200ml)",Support cognitive and motor development; ensure a balanced diet.,"Genetic Counseling, Early Diagnosis",None specific,"Supportive Care, Medications"
rheumatic heart disease,Rheumatic Heart Disease,"Garlic (2 cloves), Ginger (2g), Warm water (200ml)",Focus on heart health; avoid salty and fatty foods; manage stress.,"Treat Infections Promptly, Good Hygiene",None specific,"Surgery, Medications"
rheumatoid arthritis,Rheumatoid Arthritis,"Turmeric (1/2 tsp), Ginger (2g), Milk (200ml)",Consume anti-inflammatory foods; practice light exercises and stretches.,"Healthy Diet, Regular Exercise","Ashwagandha, Guggul","Pain Relievers, Disease-Modifying Drugs"
rickettsial diseases,Rickettsial Diseases,"Neem leaves (5-6), Water (as needed)",Focus on immune health; avoid exposure to ticks; stay hydrated.,"Avoid Insect Bites, Good Hygiene",None specific,Antibiotics
rift valley fever,Rift Valley Fever,"Ashwagandha (5g), Triphala (1 tsp), Warm water (200ml)","Rest in a cool, quiet environment; avoid stress and maintain hydration.","Avoid Animal Contact, Good Hygiene",None specific,Antiviral Medications
rocky mountain spotted fever,Rocky Mountain Spotted Fever,"Neem leaves (5-6), Water (as needed)",Avoid exposure to ticks; use natural repellents; hydrate well.,"Avoid Insect Bites, Good Hygiene",None specific,Antibiotics
rosacea,Rosacea,"Aloe Vera (2 tsp), Turmeric (1/2 tsp)",Maintain a gentle skincare routine; avoid spicy and hot foods.,"Sun Protection, Stress Management","Aloe Vera, Turmeric","Topical Treatments, Laser Therapy"
schistosomiasis,Schistosomiasis,"Neem leaves (5-6), Turmeric (1/2 tsp), Warm water (200ml)",Focus on detoxification; avoid contaminated water sources.,Avoid contaminated water,"Neem, Turmeric",Antiparasitic drugs (Praziquantel)
scoliosis,Scoliosis,"Ashwagandha (5g), Triphala (1 tsp), Warm water (200ml)",Maintain good posture; include strengthening exercises and a balanced diet.,Early diagnosis and intervention,"Ashwagandha, Guggul","Physical therapy, Surgery"
seborrheic dermatitis,Seborrheic Dermatitis,"Neem leaves (5-6), Water (as needed)",Follow a gentle skincare routine; avoid spicy and oily foods.,"Avoid triggers like stress, harsh soaps","Neem, Turmeric","Topical antifungals, Steroids"
septicemic plague,Septicemic Plague,"Neem leaves (5-6), Water (as needed)",Avoid contact with infected individuals; focus on immune-boosting foods.,Immediate medical attention,,"Antibiotics (Streptomycin, Doxycycline)"
sexual dysfunction,Sexual Dysfunction,"Ashwagandha (5g), Shatavari (5g), Warm water (200ml)",Focus on stress reduction; maintain a healthy diet rich in antioxidants.,"Healthy lifestyle, stress management","Ashwagandha, Shatavari","Viagra, Therapy, Hormone replacement"
sickle cell anemia,Sickle Cell Anemia,"Fenugreek (3g), Triphala (1 tsp), Warm water (200ml)",Maintain hydration; include iron-rich foods like spinach and lentils.,"Early diagnosis, Pain management","Ashwagandha, Gudmar","Blood transfusion, Pain management"
sjogrens syndrome,Sjogren's Syndrome,"Ashwagandha (5g), Triphala (1 tsp), Warm water (200ml)",Stay hydrated; avoid dry and cold environments; include anti-inflammatory foods.,"Stay hydrated, Avoid smoking","Ashwagandha, Guggul","Immunosuppressants, Eye drops"
skin cancer melanoma,Skin Cancer (Melanoma),"Aloe Vera (2 tsp), Turmeric (1/2 tsp)",Protect skin from sun exposure; focus on antioxidant-rich foods like berries.,"Avoid sun exposure, Use sunscreen","Neem, Turmeric","Surgery, Chemotherapy, Radiation"
skin diseases,Skin Diseases,"Neem leaves (5-6), Water (as needed)",Follow a gentle skincare routine; avoid harsh chemicals and spicy foods.,"Regular cleaning, Avoid triggers","Neem, Turmeric","Topical treatments, Steroids"
skin infections bacterial fungal viral,"Skin Infections (Bacterial, Fungal, Viral)","Tea Tree Oil (3-4 drops), Turmeric (1/2 tsp), Water (as needed)",Focus on hygiene; avoid sharing personal items; maintain a healthy diet.,"Proper hygiene, Avoid contact with infected persons","Neem, Turmeric","Antibiotics, Antifungals, Antivirals"
skin rash,Skin Rash,"Aloe Vera (2 tsp), Neem leaves (5-6), Water (as needed)",Avoid allergens; keep skin moisturized; include fiber-rich foods in the diet.,"Avoid allergens, Hydrate","Aloe vera, Ashwagandha","Steroid creams, Antihistamines"
sleep apnea,Sleep Apnea,"Ashwagandha (5g), Shatavari (5g), Warm water (200ml)",Maintain a regular sleep schedule; practice deep breathing exercises.,"Weight management, Avoid alcohol","Ashwagandha, Brahmi","CPAP machine, Surgery, Medications"
sleeping sickness trypanosomiasis,Sleeping Sickness (Trypanosomiasis),"Neem leaves (5-6), Turmeric (1/2 tsp), Warm water (200ml)",Avoid mosquito bites; focus on immune-boosting foods.,Avoid tsetse fly exposure,,"Antitrypanosomal drugs (e.g., Melarsoprol)"
sparganosis,Sparganosis,"Turmeric (1/2 tsp), Garlic (2 cloves), Warm water (200ml)",Ensure good hygiene; avoid undercooked food; stay hydrated.,Avoid consuming raw meat,,"Surgery, Antiparasitic drugs"
stroke,Stroke,"Ashwagandha (5g), Brahmi (2g), Warm water (200ml)",Monitor blood pressure; focus on a balanced diet and regular exercise.,Maintain a healthy lifestyle,"Brahmi, Ashwagandha","Clot-busting drugs, Surgery, Rehab"
strongyloidiasis,Strongyloidiasis,"Neem leaves (5-6), Garlic (2 cloves), Water (200ml)",Avoid contaminated water; increase fiber intake to support digestion.,Avoid exposure to contaminated soil,,Antiparasitic drugs (Ivermectin)
talaromycosis,Talaromycosis,"Turmeric (1/2 tsp), Garlic (2 cloves), Warm water (200ml)","Focus on immunity; avoid damp, moldy environments.",Use protective clothing when in contact with soil,,"Antifungal drugs (e.g., Amphotericin B)"
taysachs disease,Tay-Sachs Disease,"Brahmi (2g), Ashwagandha (5g), Warm water (200ml)","Support cognitive and motor function; provide a balanced, nutritious diet.",Genetic counseling,,"Supportive care, Genetic counseling"
tendinitis,Tendinitis,"Ginger (2g), Turmeric (1/2 tsp), Warm water (200ml)",Focus on joint health; include anti-inflammatory foods like fish and turmeric.,"Avoid Overuse, Stretching, Warm-Up",None specific,Anti-inflammatory Medications
tetanus,Tetanus,"Garlic (2 cloves), Neem leaves (5-6), Warm water (200ml)",Maintain a clean environment; avoid injuries; focus on immune health.,"Vaccination, Clean Wounds",None specific,"Tetanus Antitoxin, Antibiotics"
thalassemia,Thalassemia,"Fenugreek (3g), Triphala (1 tsp), Warm water (200ml)","Maintain iron levels; focus on a nutrient-rich diet, including leafy greens.","Genetic Counseling, Regular Monitoring",None specific,"Blood Transfusion, Iron Chelation"
toxocariasis,Toxocariasis,"Neem leaves (5-6), Turmeric (1/2 tsp), Warm water (200ml)",Avoid exposure to contaminated soil; focus on digestive health.,"Good Hygiene, Avoid Animal Feces",None specific,Anthelmintic Medications
toxoplasmosis,Toxoplasmosis,"Garlic (2 cloves), Turmeric (1/2 tsp), Warm water (200ml)",Focus on immune-boosting foods; avoid raw meats and contaminated water.,"Avoid Raw Meat, Cook Meat Well",None specific,Antiprotozoal Medications
trachoma,Trachoma,"Aloe Vera (2 tsp), Neem leaves (5-6), Water (as needed)",Practice eye hygiene; avoid sharing towels; use protective eyewear.,"Good Hygiene, Safe Water",None specific,"Antibiotics, Surgery"
trichinellosis,Trichinellosis,"Turmeric (1/2 tsp), Garlic (2 cloves), Warm water (200ml)",Avoid undercooked pork; maintain good digestive health.,Cook Meat Thoroughly,None specific,Anthelmintic Medications
trichuriasis,Trichuriasis,"Neem leaves (5-6), Garlic (2 cloves), Warm water (200ml)",Avoid contaminated water and food; support digestive health with fiber.,"Good Hygiene, Sanitation",None specific,Anthelmintic Medications
tuberculosis,Tuberculosis,"Neem leaves (5-6), Turmeric (1/2 tsp), Warm water (200ml)",Follow a TB treatment plan; avoid smoking and focus on lung health.,"Good Hygiene, Vaccination",None specific,Antibiotics
tularemia,Tularemia,"Ashwagandha (5g), Neem leaves (5-6), Warm water (200ml)",Focus on boosting immunity; avoid insect bites and infected animals.,"Avoid Animal Contact, Good Hygiene",None specific,Antibiotics
tungiasis,Tungiasis,"Turmeric (1/2 tsp), Neem leaves (5-6), Water (as needed)",Avoid walking barefoot in sandy areas; focus on skin health.,Avoid Walking Barefoot in Contaminated Areas,None specific,"Removal of Parasite, Topical Medications"
type 1 diabetes,Type 1 Diabetes,"Fenugreek (3g), Cinnamon (1/2 tsp), Warm water (200ml)","Focus on a low-carb, high-fiber diet; maintain regular physical activity.","Healthy Diet, Regular Exercise","Bitter Melon, Gymnema Sylvestre","Insulin Therapy, Blood Sugar Monitoring"
typhus,Typhus,"Neem leaves (5-6), Garlic (2 cloves), Warm water (200ml)",Stay hydrated; maintain good hygiene and avoid contaminated environments.,"Avoid Flea Bites, Good Hygiene",None specific,Antibiotics
ulcerative colitis,Ulcerative Colitis,"Triphala (1 tsp), Ginger (2g), Warm water (200ml)",Focus on gut health; avoid spicy foods and processed sugars.,"Healthy Diet, Stress Management",None specific,"Anti-inflammatory Medications, Surgery"
urinary tract infections utis,Urinary Tract Infections (UTIs),"Cranberry juice (200ml), D-mannose (2g)","Stay hydrated, avoid acidic foods, maintain proper hygiene.","Good Hygiene, Urination after Sex",None specific,Antibiotics
vitiligo,Vitiligo,"Grape seed extract (2g), Turmeric (1/2 tsp)","Protect skin from sun exposure, consume anti-inflammatory foods.","Sun Protection, Avoid Stress",None specific,"Topical Steroids, Phototherapy"
west nile virus,West Nile Virus,"Turmeric (1/2 tsp), Ginger (2g), Warm water (200ml)","Avoid mosquito exposure, boost immunity with vitamin C and antioxidants.","Avoid Mosquito Bites, Use Repellent",None specific,"Supportive Care, Antiviral Medications"
wilsons disease,Wilson's Disease,"Dandelion root (1 tsp), Turmeric (1/2 tsp), Warm water (200ml)","Avoid copper-rich foods (e.g., shellfish), follow a liver-supporting diet.","Genetic Counseling, Early Diagnosis",None specific,"Chelating Agents, Liver Transplant"
yaws,Yaws,"Neem leaves (5-6), Turmeric (1/2 tsp), Water (as needed)","Maintain hygiene, use anti-inflammatory foods and avoid scratching.","Good Hygiene, Safe Water",None specific,Antibiotics
yellow fever,Yellow Fever,"Papaya leaf extract (2 tsp), Neem leaves (5-6), Water (200ml)","Avoid mosquito bites, stay hydrated, and rest to support recovery.","Vaccination, Avoid Mosquito Bites",None specific,"Vaccination, Supportive Care"
zika virus,Zika Virus,"Papaya leaf juice (50ml), Ginger (2g), Warm water (200ml)","Avoid mosquito bites, stay indoors during peak mosquito activity.","Avoid Mosquito Bites, Use Repellent",None specific,"Supportive Care, Antiviral Medications"
zoonotic malaria,Zoonotic Malaria,"Neem leaves (5-6), Turmeric (1/2 tsp), Warm water (200ml)","Prevent mosquito bites, maintain a clean environment, boost immunity.","Use Mosquito Nets, Antimalarial Drugs",None specific,Antimalarial Medications
thyroid disorders,Thyroid Disorders,"Ashwagandha (5g), Turmeric (1/2 tsp), Warm water (200ml)","Maintain a balanced diet with iodine-rich foods, practice stress-relieving activities.","Regular check-ups, Iodine-rich diet","Ashwagandha, Shatavari","Hormone replacement, Antithyroid drugs"
autoimmune diseases eg lupus,"Autoimmune Diseases (e.g., Lupus)","Turmeric (1/2 tsp), Ginger (2g), Warm water (200ml)","Avoid inflammatory foods, focus on anti-inflammatory and immune-supporting foods.","Stress management, Avoid triggers","Ashwagandha, Gudmar","Immunosuppressants, Steroids"
cancer breast cancer lung cancer prostate cancer etc,"Cancer (Breast Cancer, Lung Cancer, Prostate Cancer, etc.)","Neem leaves (5-6), Turmeric (1/2 tsp), Warm water (200ml)","Eat a nutrient-dense diet, manage stress, avoid alcohol and smoking.","Healthy diet, Avoid smoking, Regular screenings","Ashwagandha, Turmeric","Chemotherapy, Radiation, Surgery"
chronic fatigue syndrome,Chronic Fatigue Syndrome,"Ashwagandha (5g), Ginger (2g), Warm water (200ml)","Focus on energy-boosting foods, establish a regular sleep routine.","Stress management, Sleep hygiene","Ashwagandha, Brahmi","Sleep management, Antidepressants"
diabetes mellitus,Diabetes Mellitus,"Bitter melon (1 tsp), Fenugreek (3g), Warm water (200ml)","Follow a low-glycemic, high-fiber diet, exercise regularly.","Healthy diet, Exercise, Regular check-ups","Jamun, Gudmar","Insulin, Oral medications"
hepatitis a b c,"Hepatitis (A, B, C)","Milk thistle (1 tsp), Turmeric (1/2 tsp), Warm water (200ml)","Avoid alcohol, maintain liver-friendly foods like leafy greens and beets.","Vaccination (A and B), Safe Practices",None specific,"Antiviral Medications, Vaccination"
weight loss,Weight Loss,"Ginger (2g), Triphala (1 tsp), Warm water (200ml)","Focus on balanced meals, avoid processed sugars and refined carbs.","Healthy Diet, Regular Exercise","Garcinia Cambogia, Green Tea","Dietary Changes, Exercise"
weight gain,Weight Gain,"Triphala (1 tsp), Ginger (2g), Warm water (200ml)","Reduce heavy, oily foods, include more fiber-rich and light meals.","Healthy Diet, Regular Exercise","Fenugreek, Ginseng","Dietary Changes, Exercise"
acanthosis nigricans,Acanthosis Nigricans,Aloe Vera gel,"Apply Aloe Vera gel daily, avoid spicy foods.","Healthy Diet, Weight Loss",None specific,Treatment of Underlying Conditions
anemia,Anemia,Spinach (100g),"Include iron-rich foods, avoid caffeine with meals.","Healthy Diet, Iron Supplements","Iron-Rich Foods (Spinach, Red Meat)","Iron Supplements, Blood Transfusion"
angina,Angina,Hawthorn (5g),"Reduce stress, avoid high-fat foods, regular cardiovascular exercise.","Healthy Diet, Regular Exercise",None specific,"Medications, Surgery"
anxiety disorder,Anxiety Disorder,Brahmi (2g),"Practice deep breathing exercises, limit caffeine, establish a sleep routine.","Stress Management, Relaxation Techniques","Ashwagandha, Brahmi","Therapy, Medications"
aortic aneurysm,Aortic Aneurysm,Ginkgo Biloba (60mg daily),"Avoid strenuous activity, maintain blood pressure with a low-salt diet.","Healthy Diet, Regular Monitoring",None specific,"Surgery, Medications"
aphasia,Aphasia,Ginseng (1-2g),"Engage in speech therapy, avoid stress, eat a balanced diet.","Early Diagnosis, Speech Therapy",None specific,"Speech Therapy, Medications"
atopic dermatitis,Atopic Dermatitis,Neem leaves (5-6),"Avoid spicy foods, drink plenty of water, use moisturizing oils.","Avoid Triggers, Moisturize Skin","Neem, Turmeric","Topical Steroids, Moisturizers"
autoimmune hepatitis,Autoimmune Hepatitis,Turmeric (1 tsp daily),"Avoid alcohol, consume liver-supporting foods like bitter greens.","Early Diagnosis, Treat Underlying Conditions",None specific,Immunosuppressive Medications
bacterial infections,Bacterial Infections,Garlic (2-3 cloves daily),"Maintain good hygiene, eat immune-boosting foods like ginger and turmeric.","Good Hygiene, Avoid Contact",None specific,Antibiotics
bipolar disorder,Bipolar Disorder,Ashwagandha (5g),"Regular sleep patterns, manage stress with yoga and meditation.","Therapy, Medication Adherence","Ashwagandha, Brahmi",Medications (Mood Stabilizers)
bladder cancer,Bladder Cancer,Cranberry (200ml daily),"Drink plenty of water, avoid bladder irritants like caffeine and alcohol.","Avoid Smoking, Regular Screening",None specific,"Surgery, Chemotherapy, Radiation"
brain tumors,Brain Tumors,Turmeric (1 tsp daily),Consume anti-inflammatory foods like turmeric and omega-3s.,"Early Diagnosis, Avoid Toxins",None specific,"Surgery, Radiation, Chemotherapy"
bronchiectasis,Bronchiectasis,Licorice root (2g daily),"Practice breathing exercises, stay hydrated, and avoid cold air.","Vaccination, Avoid Smoking",None specific,"Antibiotics, Pulmonary Rehabilitation"
candidiasis,Candidiasis,Coconut oil (1-2 tbsp daily),"Avoid sugar, consume probiotic-rich foods like yogurt.","Good Hygiene, Avoid Overuse of Antibiotics","Neem, Turmeric",Antifungal Medications
cerebral palsy,Cerebral Palsy,Magnesium (250mg daily),"Engage in physical therapy, avoid processed foods, and practice gentle yoga.","Early Diagnosis, Therapy",None specific,"Physical Therapy, Medications"
chronic sinusitis,Chronic Sinusitis,Eucalyptus oil (2 drops in water),"Inhale steam with eucalyptus, avoid allergens, stay hydrated.","Good Hygiene, Avoid Allergens",None specific,"Decongestants, Surgery"
cirrhosis,Cirrhosis,Milk Thistle (200mg daily),"Avoid alcohol, eat liver-supporting foods like beets and bitter greens.","Avoid Alcohol, Treat Infections",None specific,"Liver Transplant, Medications"
cleft lip and palate,Cleft Lip and Palate,Vitamin A (5000 IU daily),"Follow speech therapy, eat soft foods, and avoid harsh chemicals.","Early Diagnosis, Surgery",None specific,Surgery
cold sores,Cold Sores,Lemon balm (5g daily),"Avoid stress, apply a cold compress to the affected area, eat antiviral foods.","Avoid Direct Contact, Stress Management",None specific,Antiviral Medications
conjunctivitis,Conjunctivitis,Chamomile (2g in warm water),"Practice good hygiene, avoid eye irritation, and wear sunglasses.","Good Hygiene, Avoid Contact",None specific,"Antibiotics, Antihistamines"
copd chronic obstructive pulmonary disease,COPD (Chronic Obstructive Pulmonary Disease),Oregano oil (3 drops in water),"Avoid smoking, stay in a smoke-free environment, and do breathing exercises.","Quit Smoking, Avoid Pollutants",None specific,"Medications, Oxygen Therapy"
cystitis,Cystitis,Cranberry (200ml daily),"Drink plenty of water, avoid caffeine, and practice good hygiene.","Good Hygiene, Hydration",None specific,Antibiotics
diabetic neuropathy,Diabetic Neuropathy,Fenugreek (3g daily),"Maintain stable blood sugar levels, avoid refined sugars, and include bitter foods.","Regular Monitoring, Glycemic Control",None specific,"Medications, Pain Management"
diverticulitis,Diverticulitis,Fennel (1 tsp in warm water),"Increase fiber intake, avoid processed foods, and drink plenty of water.","High-Fiber Diet, Regular Screening",None specific,"Antibiotics, Surgery"
dyslipidemia,Dyslipidemia,Garlic (2-3 cloves daily),"Consume a heart-healthy diet rich in omega-3s, exercise regularly, and avoid trans fats.","Healthy Diet, Regular Exercise",None specific,"Statins, Lifestyle Changes"
ear infections,Ear Infections,Garlic (1-2 drops in ear),"Avoid water in the ears, maintain good ear hygiene, and avoid cold air.","Good Hygiene, Avoid Water Exposure",None specific,"Antibiotics, Pain Relief"
erectile dysfunction,Erectile Dysfunction,Ashwagandha (5g daily),"Avoid excessive alcohol, manage stress, and consume zinc-rich foods like pumpkin seeds.","Healthy Lifestyle, Regular Checkups",None specific,"Medications, Therapy, Surgery"
gallbladder disease,Gallbladder Disease,Dandelion root (2g daily),"Avoid high-fat foods, consume bitter herbs, and practice stress management techniques.","Healthy Diet, Weight Management",None specific,"Surgery (Cholecystectomy), Medications"
gastroenteritis,Gastroenteritis,Ginger (2g in warm water),"Stay hydrated, avoid dairy and greasy foods, and eat bland foods like rice and toast.","Good Hygiene, Safe Food Handling",None specific,"Hydration, Antiemetics"
gingivitis,Gingivitis,Clove oil (2-3 drops),"Brush and floss regularly, use saltwater rinses, and avoid sugary foods.","Regular Brushing, Avoid Smoking",None specific,"Dental Cleaning, Antibiotics"
glaucoma,Glaucoma,Triphala (1 tsp at bedtime),"Regular eye check-ups, avoid excessive screen time, and consume anti-inflammatory foods.","Regular Eye Exams, Protect Eyes",None specific,"Medications, Surgery"
goiter,Goiter,Kelp (2-3g daily),"Ensure adequate iodine intake, avoid stress, and include sea vegetables in the diet.","Iodine-Rich Diet, Regular Monitoring","Ashwagandha, Guggulu","Medications, Surgery"
herpes simplex virus hsv,Herpes Simplex Virus (HSV),Aloe vera gel (topically),"Apply Aloe Vera gel, manage stress, and avoid acidic foods like citrus.","Avoid Direct Contact, Stress Management",None specific,Antiviral Medications
hidradenitis suppurativa,Hidradenitis Suppurativa,Turmeric (1 tsp in warm water),"Practice good hygiene, avoid tight clothing, and eat anti-inflammatory foods like turmeric.","Good Hygiene, Avoid Friction",None specific,"Medications (Antibiotics, Steroids)"
hodgkins lymphoma,Hodgkin's Lymphoma,Turmeric (1 tsp daily),"Follow cancer treatment, maintain a healthy immune system with a nutrient-rich diet.","Early Detection, Regular Checkups","Ashwagandha, Turmeric","Chemotherapy, Radiation Therapy"
hyperlipidemia,Hyperlipidemia,Garlic (2-3 cloves daily),"Consume healthy fats like omega-3s, avoid fried foods, and exercise regularly.","Healthy Diet, Regular Exercise",None specific,"Statins, Lifestyle Changes"
lymphadenopathy,Lymphadenopathy,Turmeric (1 tsp daily),"Consume anti-inflammatory foods like turmeric, avoid processed foods, and manage stress.","Early Diagnosis, Regular Monitoring",None specific,Dependent on underlying condition
menieres disease,Meniere's Disease,Brahmi (2g daily),"Avoid loud noises, reduce salt intake, and practice relaxation techniques like yoga.","Low-Salt Diet, Stress Management",None specific,"Diuretics, Steroids, Surgery"
multiple myeloma,Multiple Myeloma,Turmeric (1 tsp daily),"Follow medical treatment, eat nutrient-rich foods to boost immunity, and manage stress.","Regular Monitoring, Early Detection",None specific,"Chemotherapy, Stem Cell Transplant"
myocardial infarction heart attack,Myocardial Infarction (Heart Attack),Garlic (2-3 cloves daily),"Follow heart-healthy diet, avoid processed foods, and incorporate cardio exercises.","Healthy Diet, Avoid Smoking","Garlic, Ashwagandha","Medications, Surgery (Angioplasty, Bypass)"
nasal polyps,Nasal Polyps,Eucalyptus oil (2-3 drops in water),"Avoid allergens, use saline nasal sprays, and practice deep breathing exercises.","Avoid Allergens, Manage Sinus Infections",None specific,"Medications (Steroids, Surgery)"
polycythemia vera,Polycythemia Vera,Triphala (1 tsp at bedtime),"Maintain hydration, avoid iron-rich foods, and follow doctor’s treatment plan.","Early Diagnosis, Regular Monitoring",None specific,"Phlebotomy, Medications"
posttraumatic stress disorder ptsd,Post-Traumatic Stress Disorder (PTSD),Brahmi (2g daily),"Engage in mindfulness techniques, consume calming foods like chamomile, and seek therapy.","Therapy, Stress Management",None specific,"Therapy (CBT), Medications"
prostate enlargement benign prostatic hyperplasia,Prostate Enlargement (Benign Prostatic Hyperplasia),Saw palmetto (2g daily),"Avoid caffeine, practice relaxation techniques, and eat a diet rich in antioxidants.","Healthy Diet, Regular Monitoring",None specific,"Medications, Surgery"
psoriatic arthritis,Psoriatic Arthritis,Turmeric (1 tsp daily),"Avoid cold weather exposure, consume anti-inflammatory foods, and engage in regular stretching.","Healthy Diet, Stress Management","Ashwagandha, Turmeric","Medications (NSAIDs, DMARDs)"
raynauds disease,Raynaud's Disease,"Ginger (2g), Honey (1 tsp)","Avoid cold environments, wear warm clothing, and consume foods that improve circulation.","Keep Warm, Avoid Stress",None specific,"Medications (Vasodilators, Calcium Channel Blockers)"
sciatica,Sciatica,Ashwagandha (5g daily),"Engage in gentle stretching exercises, avoid sitting for long periods, and sleep in a neutral position.","Proper Posture, Regular Exercise",None specific,"Pain Relievers, Physical Therapy"
sinusitis,Sinusitis,Eucalyptus oil (2-3 drops in water),"Stay hydrated, practice steam inhalation, and avoid allergens.","Avoid Allergens, Stay Hydrated",None specific,"Antibiotics, Decongestants, Nasal Sprays"
skin infections,Skin Infections,"Neem leaves (5-6), Water (as needed)","Apply neem paste, avoid harsh chemicals, and keep the skin clean and dry.","Proper Hygiene, Wound Care","Aloe Vera, Tea Tree Oil","Antibiotics, Antifungals"
spinal cord injury,Spinal Cord Injury,Ashwagandha (5g daily),"Focus on rehabilitation, maintain a nutritious diet to support nerve health, and practice gentle exercises.","Safety Precautions, Proper Posture",None specific,"Surgery, Rehabilitation"
spondylosis,Spondylosis,Turmeric (1 tsp daily),"Maintain a good posture, engage in back-strengthening exercises, and apply warm compresses.","Proper Posture, Regular Exercise",None specific,"Pain Relievers, Physical Therapy"
stomach cancer,Stomach Cancer,"Ginger (2g), Honey (1 tsp)","Consume small, frequent meals, avoid processed foods, and follow cancer treatment guidelines.","Healthy Diet, Avoid Smoking",None specific,"Surgery, Chemotherapy, Radiation"
strep throat,Strep Throat,"Honey (1 tsp), Lemon (1 tbsp)","Stay hydrated, avoid irritants like smoke, and rest your voice.","Proper Hygiene, Avoid Infected Individuals",None specific,Antibiotics
stress,Stress,Ashwagandha (5g daily),"Practice relaxation techniques like yoga and deep breathing, eat nutrient-dense foods, and engage in regular physical activity.","Regular Exercise, Relaxation Techniques","Ashwagandha, Brahmi","Stress Management Techniques, Therapy"
systemic lupus erythematosus sle,Systemic Lupus Erythematosus (SLE),Turmeric (1 tsp daily),"Avoid sun exposure, maintain a balanced diet rich in antioxidants, and engage in regular exercise.","Sun Protection, Stress Management","Ashwagandha, Turmeric","Immunosuppressants, NSAIDs"
testicular cancer,Testicular Cancer,Turmeric (1 tsp daily),"Include antioxidant-rich foods, follow treatment protocols, and avoid exposure to toxins.","Early Detection, Regular Self-Exams",None specific,"Surgery, Chemotherapy, Radiation"
thyroid cancer,Thyroid Cancer,Ashwagandha (5g daily),"Consume thyroid-supportive foods, maintain a stress-free lifestyle, and follow medical guidance.","Regular Check-ups, Avoid Radiation",None specific,"Surgery, Radiation, Chemotherapy"
tinnitus,Tinnitus,Brahmi (2g daily),"Avoid loud noises, consume anti-inflammatory foods, and practice relaxation techniques.","Avoid Loud Noises, Stress Management",None specific,"Sound Therapy, Medications, Surgery"
urinary tract infection uti,Urinary Tract Infection (UTI),Cranberry (1 cup juice),"Drink plenty of fluids, avoid irritants like caffeine, and maintain hygiene.","Proper Hygiene, Hydration",None specific,Antibiotics
varicose veins,Varicose Veins,Horse chestnut (1 tsp daily),"Avoid prolonged sitting or standing, elevate legs, and incorporate leg-strengthening exercises.","Regular Exercise, Avoid Prolonged Sitting",None specific,"Sclerotherapy, Surgery, Compression Stockings"
viral infections,Viral Infections,Echinacea (2g daily),"Increase fluid intake, rest, and consume immune-boosting foods like garlic.","Proper Hygiene, Vaccination",None specific,"Antiviral Medications, Supportive Care"
whipples disease,Whipple's Disease,Probiotic (1 capsule daily),"Follow a high-protein, nutrient-dense diet, avoid sugar, and follow medical advice.","Good Nutrition, Proper Hygiene",None specific,Antibiotics (Long-term)
worm infections,Worm Infections,Papaya seeds (1 tsp daily),"Maintain proper hygiene, eat fiber-rich foods, and consume anti-parasitic herbs.","Proper Hygiene, Safe Drinking Water",None specific,Anthelmintic Medications
yeast infections,Yeast Infections,Garlic (2-3 cloves daily),"Consume antifungal foods like garlic, avoid sugar, and maintain good hygiene.","Proper Hygiene, Avoid Excessive Antibiotics",None specific,Antifungal Medications
zoonotic infections,Zoonotic Infections,Turmeric (1 tsp daily),"Avoid contact with infected animals, practice hygiene, and consume immune-boosting foods.",Avoid Contact with Infected Animals,None specific,"Antibiotics, Antivirals"
bells palsy,Bell's Palsy,Vitamin B12 (1000mcg daily),"Manage stress, practice facial exercises, and consume nutrient-rich foods.","Stress Management, Healthy Lifestyle",None specific,"Steroids, Antiviral Medications"
diabetic retinopathy,Diabetic Retinopathy,Amla (1 tsp daily),"Monitor blood sugar levels, consume antioxidants, and avoid processed sugar.","Blood Sugar Control, Regular Eye Exams",None specific,"Laser Treatment, Anti-VEGF Injections"
choleraCholera,Neem leaves 5g Turmeric 1g Warm water 200ml,Avoid contaminated water stay hydrated consume light rice-based meals.,Safe drinking water hygiene practices,Neem Turmeric,Oral rehydration salts Antibiotics ORS Antibiotics
alzheimersAlzheimers,Brahmi 3g Warm milk 200ml,Brain-boosting foods like nuts engage in memory exercises avoid processed foods.,Mental stimulation healthy diet,Brahmi Ashwagandha,Cholinesterase inhibitors Memantine
mpoxMpox,Neem leaves 5g Warm water bath,Avoid animal contact consume immune-boosting foods like citrus rest adequately.,Vaccination avoid contact,Neem Tulsi,Supportive care antivirals
shigellaShigella,Garlic 2 cloves Ginger 2g Warm water 200ml,Hand hygiene avoid raw foods stay hydrated.,Safe food water practices,Garlic Ginger,Antibiotics hydration
norovirusNorovirus,Ginger 2g Honey 1 tsp Warm water 200ml,Eat bland foods rest avoid dairy temporarily.,Handwashing avoid sick contacts,Ginger Tulsi,Supportive care hydration
typhoidTyphoid,Giloy 3g Haritaki 2g Warm water 200ml,Avoid contaminated water light digestible foods like khichdi stay hydrated.,Safe water hygiene vaccination,Giloy Guduchi Haritaki,Antibiotics fluids IV
dysenteryDysentery,Kutaj 3g Bilva 2g Warm water 200ml,Avoid raw foods dairy small frequent meals electrolyte balance.,Handwashing safe food,Kutaj Bilva Musta,Antibiotics rehydration
parkinsonsParkinsons,Brahmi 3g Ashwagandha 5g Warm milk 200ml,Avoid stress omega-3 rich foods gentle yoga pranayama.,Regular checkups neuroprotection,Brahmi Ashwagandha Mucuna,Levodopa therapy deep brain stimulation
strokeStroke,Ashwagandha 5g Arjuna 3g Warm water 200ml,Avoid high salt fatty foods BP control light walking meditation.,BP management healthy diet,Ashwagandha Arjuna Brahmi,Aspirin thrombolysis rehab
pneumoniaPneumonia,Tulsi 5g Giloy 3g Honey 1 tsp,Avoid cold dairy warm soups hydration breathing exercises.,Vaccination avoid pollutants,Tulsi Giloy Pippali,Antibiotics oxygen therapy
osteoporosisOsteoporosis,Shatavari 5g Praval pishti 500mg Warm milk,Avoid caffeine excess salt calcium-rich foods weight-bearing exercise.,Bone density screening calcium intake,Shatavari Ashwagandha Praval,Bisphosphonates calcium supplements
pcosPCOS,Shatavari 5g Kanchnar 3g Warm water 200ml,Avoid sugar refined carbs exercise yoga balanced hormones.,Weight management insulin sensitivity,Shatavari Kanchnar Guduchi,Oral contraceptives metformin
sickle cellSickleCell,Kumari 10ml Punarnava 3g Warm water,Avoid dehydration folic acid-rich foods stay warm hydration.,Genetic counseling prenatal screening,Ashwagandha Punarnava Guduchi,Hydroxyurea transfusions
thalassemiaThalassemia,Amla 3g Punarnava 3g Warm water 200ml,Avoid iron overload antioxidant foods chelation support.,Genetic screening transfusions,Amla Punarnava Draksha,Blood transfusions chelation
breast cancerBreastCancer,Kanchnar guggul 1g Turmeric 1g Warm water,Avoid processed foods anti-inflammatory diet yoga stress reduction.,Mammograms healthy lifestyle,Kanchnar Curcumin Ashwagandha,Surgery chemo radiation hormone therapy
prostate cancerProstateCancer,Varun 3g Gokshura 3g Warm water,Avoid dairy red meat lycopene-rich foods exercise.,PSA screening healthy prostate diet,Varun Gokshura Punarnava,Surgery radiation hormone therapy
rabiesRabies,Brahmi 3g Ashwagandha 5g Warm water,Avoid animal bites immediate post-exposure rest hydration.,Vaccination animal control,Brahmi Guduchi Tulsi,Post-exposure prophylaxis immunoglobulin
polioPolio,Ashwagandha 5g Shatavari 5g Warm milk,Avoid exertion physiotherapy nutrient-dense diet.,Vaccination sanitation,Ashwagandha Bala Dashmool,Vaccines supportive physio ventilators
phenylketonuriaPKU,Brahmi 2g Warm water 200ml,Low-phenylalanine diet fresh veggies avoid triggers.,Newborn screening low-protein diet,None specific,Low-Phe formula enzyme therapy
taysachsTay-Sachs,Brahmi 2g Ashwagandha 3g Warm milk,Avoid stress supportive nutrition enzyme support.,Genetic counseling carrier screening,None specific,Supportive care gene therapy research
ovarian cancerOvarianCancer,Kanchnar 3g Kumari 10ml Warm water,Avoid toxins fiber-rich diet yoga detox.,CA-125 screening healthy weight,Kanchnar Aloe Ashwagandha,Surgery chemo targeted therapy
pancreatitisPancreatitis,Amla 3g Warm water 200ml,Avoid alcohol fatty foods low-fat diet rest pancreas.,Abstain alcohol healthy diet,Amla Triphala Punarnava,IV fluids enzymes surgery
glaucomaGlaucoma,Brahmi 3g Triphala 1 tsp Warm water,Avoid screens eye exercises antioxidant foods.,Regular eye exams IOP control,Brahmi Triphala Amla,Eye drops surgery laser
multiple sclerosisMSS,Brahmi 3g Ashwagandha 5g Warm milk,Avoid stress omega-3 anti-inflammatory diet yoga.,Vitamin D sun exposure,Brahmi Ashwagandha Satavari,Immunomodulators steroids
rheumatoid arthritisRheumatoidArthritis,Guggul 500mg Turmeric 1g Warm milk,Avoid cold dairy anti-inflammatory foods gentle exercise.,Early diagnosis weight control,Guggul Boswellia Ashwagandha,DMARDs biologics
